{
  "content": [
    {
      "path": "ContentInfo/dcp-airport-kpsc-pasco/ContentHistory.json",
      "size": 146,
      "date": 133428193753205058
    },
    {
      "path": "ContentInfo/dcp-airport-kpsc-pasco/Thumbnail.jpg",
      "size": 13520,
      "date": 132628071300000000
    },
    {
      "path": "MaterialLibs/materials/Library.xml",
      "size": 1135,
      "date": 133093789450260558
    },
    {
      "path": "MaterialLibs/materials/Textures/closed-runway-mark.png.DDS",
      "size": 349700,
      "date": 133093789451904151
    },
    {
      "path": "MaterialLibs/materials/Textures/closed-runway-mark.png.DDS.FLAGS",
      "size": 39,
      "date": 133051337110109489
    },
    {
      "path": "MaterialLibs/materials/Textures/closed-runway-mark.png.DDS.json",
      "size": 249,
      "date": 133093789451693963
    },
    {
      "path": "scenery/kpsc-tri-cities-airport/KPSC.bgl",
      "size": 88220,
      "date": 133428193753119548
    }
  ]
}